{"cameraMode":{"drawMode":0,"name":"Shaded","section":"Shading Mode"},"sceneLighting":true,"audioPlay":false,"sceneViewState":{"m_AlwaysRefresh":false,"showFog":true,"showSkybox":true,"showFlares":true,"showImageEffects":true,"showParticleSystems":true,"showVisualEffectGraphs":true,"m_FxEnabled":true},"in2DMode":false,"pivot":{"x":0.9719719290733337,"y":3.076824903488159,"z":0.6002843379974365},"rotation":{"x":0.02218708023428917,"y":0.012594413012266159,"z":0.00028022576589137316,"w":-0.9996775984764099},"size":8.133028984069825,"orthographic":false}