{"cameraMode":{"drawMode":0,"name":"Shaded","section":"Shading Mode"},"sceneLighting":false,"audioPlay":false,"sceneViewState":{"m_AlwaysRefresh":false,"showFog":true,"showSkybox":false,"showFlares":true,"showImageEffects":true,"showParticleSystems":true,"showVisualEffectGraphs":true,"m_FxEnabled":true},"in2DMode":false,"pivot":{"x":-0.15947997570037843,"y":0.7182812690734863,"z":-4.216307640075684},"rotation":{"x":-0.061482448130846027,"y":-0.9208828806877136,"z":0.16216455399990083,"w":-0.34914150834083559},"size":2.0712857246398927,"orthographic":false}